"","file","Percent Sponge","Percent hg38","hg38 Count","Sponge Count","Autosome","Percent Autosome","Sex Chromosome","Percent Sex Chromosome","Mitochondrial","Percent Mitochondrial","Viral (EBV)","Percent Viral (EBV)","Unplaced","Percent Unplaced","Random","Percent Random","Unknown","Percent Unknown"
"data/summary_101/101.101_MACS3_fc0.99_local_cent.merged.filtered.counts.ex.tsv","High Signal",0.428228629395138,0.571771370604862,587343282,439891225,575155864,0.559907070956681,12187418,0.0118642996481815,0,0,0,0,0,0,0,0,0,0
"data/summary_101/101.250.counts.ex.tsv","Generated Blacklist",0.338900324541941,0.661099675458059,1346682987,690351725,1253615658,0.615412025438278,93067329,0.0456876500197803,0,0,0,0,0,0,0,0,0,0
"data/summary_101/101.counts.tsv","Whole Genome",0.0620522814097396,0.93794771859026,23265827451,1539209109,22152879656,0.893079903446835,913827887,0.0368404168560516,8734,3.52105911187579e-07,1067716,4.30443227695851e-05,92440442,0.00372668033672916,105603016,0.00425732152196433,0,0
"data/summary_101/101.GreyListChIP STAR 1k.counts.ex.tsv","GreyListChIP",0.743037237303781,0.256962762696219,431313485,1247192305,347886342,0.207259542429103,12073305,0.00719288850353027,8734,5.20343751688816e-06,1040279,0.000619764916032849,35285509,0.0210219763376568,35019316,0.0208633870723794,0,0
"data/summary_101/101.hg38-blacklistv2.counts.ex.tsv","GitHub Blacklist",0.38184493178638,0.61815506821362,1112384235,687138720,1055446808,0.586514778857044,56937427,0.0316402893565756,0,0,0,0,0,0,0,0,0,0
"data/summary_101/101.hg38.Nordin.CandRblacklist_hg38.counts.ex.tsv","Nordin CUT&RUN",0.803773580754326,0.196226419245674,267556264,1095951591,261339607,0.191667107777681,6207923,0.00455290593100397,8734,6.405536989004e-06,0,0,0,0,0,0,0,0
"data/summary_101/101.HS_LM_CM.counts.ex.tsv","HS + LM",0.376546744378861,0.623453255621139,863900560,521769580,808450351,0.583436366031529,55450209,0.0400168895896104,0,0,0,0,0,0,0,0,0,0
"data/summary_101/101.k100_b1000_f1000_0.01.multi.LM.counts.ex.tsv","Low Mappability",0.181262961965538,0.818737038034462,441605648,97768568,395406292,0.733083414576866,46199356,0.0856536234575959,0,0,0,0,0,0,0,0,0,0
"data/summary_101/101.KU.counts.ex.tsv","Kundaje Unified",0.456617675003145,0.543382324996855,475963647,399964084,456776190,0.521477028108841,19187457,0.0219052968880146,0,0,0,0,0,0,0,0,0,0
